{"path":"\/Users\/baart_f\/data\/odv\/climatology\/SDN_2015-11_TS_Baltic_Sea_Climatology_v1.1\/Salinity.19002012.4Danl.nc","variable":"Salinity","var_min":0.0983735323,"var_max":35.1925926208,"percentiles":[10.0,20.0,33.5,34.5,36.5,38.5],"x_min":0.525,"x_max":0.5858055539,"y_min":0.2539844307,"y_max":0.32575184,"z_min":-300.0,"z_max":0.0,"lat_min":53.0,"lat_max":65.9349975586,"lon_min":9.0,"lon_max":30.8899993896,"paths":["polydata-Salinity-0000.vtk","polydata-Salinity-0001.vtk","polydata-Salinity-0002.vtk","polydata-Salinity-0003.vtk","polydata-Salinity-0004.vtk","polydata-Salinity-0005.vtk"]}