{"variable":"Temperature","var_min":4.347969532,"var_max":17.7820949554,"percentiles":[16.0],"x_min":0.4743055556,"x_max":0.6013888889,"y_min":0.3557617763,"y_max":0.4125752119,"z_min":-5500.0,"z_max":0.0,"lat_min":30.0,"lat_max":46.0,"lon_min":-9.25,"lon_max":36.5,"paths":["polydata-Temperature-0000.ply"]}