{"variable":"Temperature","var_min":-5.6128416061,"var_max":27.5495262146,"percentiles":[6.0,8.0,10.0,12.0,14.0,16.0],"x_min":-9128198.2450484335,"x_max":1090931.3494942067,"y_min":1118889.9748579583,"y_max":9555887.5299152378,"z_min":-5500.0,"z_max":0.0,"lat_min":10.0,"lat_max":64.8000030518,"lon_min":-82.0,"lon_max":9.8000030518,"paths":["polydata-Temperature-0000.ply","polydata-Temperature-0001.ply","polydata-Temperature-0002.ply","polydata-Temperature-0003.ply","polydata-Temperature-0004.ply","polydata-Temperature-0005.ply"]}